PRAGMA user_version=20;
PRAGMA foreign_keys=OFF;
BEGIN TRANSACTION;
CREATE TABLE android_metadata (locale TEXT);
INSERT INTO android_metadata VALUES('en_GB');
CREATE TABLE schedule (sch_id Integer Primary Key AutoIncrement Not Null, sch_title VarChar(128), sch_url VarChar(256), sch_hidden Boolean, sch_atime Integer, sch_rtime Integer, sch_itime Integer, sch_refresh_interval Integer, sch_start Integer, sch_end Integer, sch_timezone VarChar(128), sch_id_s VarChar(128), sch_metadata VarChar(10240), sch_day Integer);
INSERT INTO schedule VALUES(58,'FOSDEM 2026','https://fosdem.org/this/is/a/weird/url',0,1767557454,1767557454,1767557463,1800,1769848200,1769966100,'Europe/Brussels','fosdem_2026',NULL,NULL);
INSERT INTO schedule VALUES(59,'FOSDEM 2026','https://fosdem.org/2026/schedule/xml',0,1767557454,1767557454,1767557463,1800,1769848200,1769966100,'Europe/Brussels',NULL,NULL,NULL);
CREATE TABLE schedule_item (sci_id Integer Primary Key AutoIncrement Not Null, sci_sch_id Integer Not Null, sci_id_s VarChar(128), sci_remind Boolean, sci_hidden Boolean, sci_stars Integer(2) Null);
INSERT INTO schedule_item VALUES(1,58,'0642b629-9b0f-5caa-9ae8-742eebf80ec5',1,0,NULL);
INSERT INTO schedule_item VALUES(2,58,'00133708-8a63-53ed-86d9-4a9782a356c1',1,0,NULL);
INSERT INTO schedule_item VALUES(3,58,'022b549f-53ab-5e72-aac3-9fc842f53da2',1,0,NULL);
INSERT INTO schedule_item VALUES(4,58,'c7a83873-8b82-57aa-afa4-6c3853c11855',1,0,NULL);
INSERT INTO schedule_item VALUES(5,58,'9ec7eb3b-e0c3-58e4-9bc3-27a47dc8e93d',1,0,NULL);
INSERT INTO schedule_item VALUES(6,58,'4519970c-00d4-5fc2-9f99-5e436da0ae1f',1,0,NULL);
INSERT INTO schedule_item VALUES(7,58,'8f9d02af-8e5e-5cd3-a5ac-cd0aa3a88912',1,0,NULL);
INSERT INTO schedule_item VALUES(8,59,'0642b629-9b0f-5caa-9ae8-742eebf80ec5',1,0,NULL);
INSERT INTO schedule_item VALUES(9,59,'00133708-8a63-53ed-86d9-4a9782a356c1',1,0,NULL);
INSERT INTO schedule_item VALUES(10,59,'022b549f-53ab-5e72-aac3-9fc842f53da2',1,0,NULL);
INSERT INTO schedule_item VALUES(11,59,'c7a83873-8b82-57aa-afa4-6c3853c11855',1,0,NULL);
INSERT INTO schedule_item VALUES(12,59,'9ec7eb3b-e0c3-58e4-9bc3-27a47dc8e93d',1,0,NULL);
INSERT INTO schedule_item VALUES(13,59,'4519970c-00d4-5fc2-9f99-5e436da0ae1f',1,0,NULL);
INSERT INTO schedule_item VALUES(14,59,'8f9d02af-8e5e-5cd3-a5ac-cd0aa3a88912',1,0,NULL);
PRAGMA writable_schema=ON;
INSERT INTO sqlite_master(type,name,tbl_name,rootpage,sql)VALUES('table','item_search','item_search',0,'CREATE VIRTUAL TABLE item_search Using FTS4(sch_id Unindexed, sci_id_s Unindexed, title, subtitle, description, speakers, track)');
CREATE TABLE IF NOT EXISTS 'item_search_content'(docid INTEGER PRIMARY KEY, 'c0sch_id', 'c1sci_id_s', 'c2title', 'c3subtitle', 'c4description', 'c5speakers', 'c6track');
CREATE TABLE IF NOT EXISTS 'item_search_segments'(blockid INTEGER PRIMARY KEY, block BLOB);
CREATE TABLE IF NOT EXISTS 'item_search_segdir'(level INTEGER,idx INTEGER,start_block INTEGER,leaves_end_block INTEGER,end_block INTEGER,root BLOB,PRIMARY KEY(level, idx));
CREATE TABLE IF NOT EXISTS 'item_search_docsize'(docid INTEGER PRIMARY KEY, size BLOB);
CREATE TABLE IF NOT EXISTS 'item_search_stat'(id INTEGER PRIMARY KEY, value BLOB);
CREATE TABLE search_history (hst_id Integer Primary Key AutoIncrement Not Null, hst_query VarChar(128), hst_atime Integer);
DELETE FROM sqlite_sequence;
INSERT INTO sqlite_sequence VALUES('schedule',59);
INSERT INTO sqlite_sequence VALUES('schedule_item',14);
PRAGMA writable_schema=OFF;
COMMIT;
